{
	"start":	{
		"connected":	[{
				"socket":	5,
				"local_host":	"10.0.0.177",
				"local_port":	38108,
				"remote_host":	"10.0.5.142",
				"remote_port":	5201
			}],
		"version":	"iperf 3.16",
		"system_info":	"Linux ip-10-0-0-177 6.2.0-1018-aws #18~22.04.1-Ubuntu SMP Wed Jan 10 22:54:16 UTC 2024 x86_64",
		"timestamp":	{
			"time":	"Wed, 21 Feb 2024 11:14:39 UTC",
			"timesecs":	1708514079
		},
		"connecting_to":	{
			"host":	"10.0.5.142",
			"port":	5201
		},
		"cookie":	"2ontiidcjvpci32zpnjmssaukmtzdpucbvpp",
		"tcp_mss_default":	8949,
		"target_bitrate":	0,
		"fq_rate":	0,
		"sock_bufsize":	0,
		"sndbuf_actual":	16384,
		"rcvbuf_actual":	131072,
		"test_start":	{
			"protocol":	"TCP",
			"num_streams":	1,
			"blksize":	131072,
			"omit":	0,
			"duration":	60,
			"bytes":	0,
			"blocks":	0,
			"reverse":	0,
			"tos":	0,
			"target_bitrate":	0,
			"bidir":	0,
			"fqrate":	0
		}
	},
	"intervals":	[{
			"streams":	[{
					"socket":	5,
					"start":	0,
					"end":	10.010061,
					"seconds":	10.010061264038086,
					"bytes":	11927027712,
					"bits_per_second":	9532031740.7836552,
					"retransmits":	0,
					"snd_cwnd":	1861392,
					"snd_wnd":	-1,
					"rtt":	923,
					"rttvar":	14,
					"pmtu":	9001,
					"omitted":	false,
					"sender":	true
				}],
			"sum":	{
				"start":	0,
				"end":	10.010061,
				"seconds":	10.010061264038086,
				"bytes":	11927027712,
				"bits_per_second":	9532031740.7836552,
				"retransmits":	0,
				"omitted":	false,
				"sender":	true
			}
		}, {
			"streams":	[{
					"socket":	5,
					"start":	10.010061,
					"end":	20.010053,
					"seconds":	9.99999237060547,
					"bytes":	11911561216,
					"bits_per_second":	9529256243.04555,
					"retransmits":	0,
					"snd_cwnd":	2917374,
					"snd_wnd":	-1,
					"rtt":	929,
					"rttvar":	14,
					"pmtu":	9001,
					"omitted":	false,
					"sender":	true
				}],
			"sum":	{
				"start":	10.010061,
				"end":	20.010053,
				"seconds":	9.99999237060547,
				"bytes":	11911561216,
				"bits_per_second":	9529256243.04555,
				"retransmits":	0,
				"omitted":	false,
				"sender":	true
			}
		}, {
			"streams":	[{
					"socket":	5,
					"start":	20.010053,
					"end":	30.009543,
					"seconds":	9.99948978424072,
					"bytes":	11912347648,
					"bits_per_second":	9530364372.609457,
					"retransmits":	0,
					"snd_cwnd":	2917374,
					"snd_wnd":	-1,
					"rtt":	931,
					"rttvar":	10,
					"pmtu":	9001,
					"omitted":	false,
					"sender":	true
				}],
			"sum":	{
				"start":	20.010053,
				"end":	30.009543,
				"seconds":	9.99948978424072,
				"bytes":	11912347648,
				"bits_per_second":	9530364372.609457,
				"retransmits":	0,
				"omitted":	false,
				"sender":	true
			}
		}, {
			"streams":	[{
					"socket":	5,
					"start":	30.009543,
					"end":	40.010047,
					"seconds":	10.000503540039062,
					"bytes":	11911036928,
					"bits_per_second":	9528349751.8393764,
					"retransmits":	0,
					"snd_cwnd":	2917374,
					"snd_wnd":	-1,
					"rtt":	921,
					"rttvar":	11,
					"pmtu":	9001,
					"omitted":	false,
					"sender":	true
				}],
			"sum":	{
				"start":	30.009543,
				"end":	40.010047,
				"seconds":	10.000503540039062,
				"bytes":	11911036928,
				"bits_per_second":	9528349751.8393764,
				"retransmits":	0,
				"omitted":	false,
				"sender":	true
			}
		}, {
			"streams":	[{
					"socket":	5,
					"start":	40.010047,
					"end":	50.010044,
					"seconds":	9.99999713897705,
					"bytes":	11912609792,
					"bits_per_second":	9530090560.18078,
					"retransmits":	0,
					"snd_cwnd":	2917374,
					"snd_wnd":	-1,
					"rtt":	1022,
					"rttvar":	45,
					"pmtu":	9001,
					"omitted":	false,
					"sender":	true
				}],
			"sum":	{
				"start":	40.010047,
				"end":	50.010044,
				"seconds":	9.99999713897705,
				"bytes":	11912609792,
				"bits_per_second":	9530090560.18078,
				"retransmits":	0,
				"omitted":	false,
				"sender":	true
			}
		}, {
			"streams":	[{
					"socket":	5,
					"start":	50.010044,
					"end":	60.010278,
					"seconds":	10.00023365020752,
					"bytes":	11911692288,
					"bits_per_second":	9529131182.0521832,
					"retransmits":	0,
					"snd_cwnd":	2917374,
					"snd_wnd":	-1,
					"rtt":	923,
					"rttvar":	14,
					"pmtu":	9001,
					"omitted":	false,
					"sender":	true
				}],
			"sum":	{
				"start":	50.010044,
				"end":	60.010278,
				"seconds":	10.00023365020752,
				"bytes":	11911692288,
				"bits_per_second":	9529131182.0521832,
				"retransmits":	0,
				"omitted":	false,
				"sender":	true
			}
		}],
	"end":	{
		"streams":	[{
				"sender":	{
					"socket":	5,
					"start":	0,
					"end":	60.010278,
					"seconds":	60.010278,
					"bytes":	71486668800,
					"bits_per_second":	9529923364.1277256,
					"retransmits":	0,
					"max_snd_cwnd":	2917374,
					"max_snd_wnd":	0,
					"max_rtt":	1022,
					"min_rtt":	921,
					"mean_rtt":	941,
					"sender":	true
				},
				"receiver":	{
					"socket":	5,
					"start":	0,
					"end":	60.010816,
					"seconds":	60.010278,
					"bytes":	71484309504,
					"bits_per_second":	9529523411.7796364,
					"sender":	true
				}
			}],
		"sum_sent":	{
			"start":	0,
			"end":	60.010278,
			"seconds":	60.010278,
			"bytes":	71486668800,
			"bits_per_second":	9529923364.1277256,
			"retransmits":	0,
			"sender":	true
		},
		"sum_received":	{
			"start":	0,
			"end":	60.010816,
			"seconds":	60.010816,
			"bytes":	71484309504,
			"bits_per_second":	9529523411.7796364,
			"sender":	true
		},
		"cpu_utilization_percent":	{
			"host_total":	21.088703004112254,
			"host_user":	0.348020732375711,
			"host_system":	20.740682271736542,
			"remote_total":	42.98512428457078,
			"remote_user":	2.5864598968706116,
			"remote_system":	40.398662721334219
		},
		"sender_tcp_congestion":	"cubic",
		"receiver_tcp_congestion":	"cubic"
	}
}
