{
	"start":	{
		"connected":	[{
				"socket":	5,
				"local_host":	"10.0.5.142",
				"local_port":	5201,
				"remote_host":	"10.0.0.177",
				"remote_port":	38108
			}],
		"version":	"iperf 3.16",
		"system_info":	"Linux ip-10-0-5-142 6.2.0-1018-aws #18~22.04.1-Ubuntu SMP Wed Jan 10 22:54:16 UTC 2024 x86_64",
		"sock_bufsize":	0,
		"sndbuf_actual":	16384,
		"rcvbuf_actual":	131072,
		"timestamp":	{
			"time":	"Wed, 21 Feb 2024 11:14:39 UTC",
			"timesecs":	1708514079
		},
		"accepted_connection":	{
			"host":	"10.0.0.177",
			"port":	38094
		},
		"cookie":	"2ontiidcjvpci32zpnjmssaukmtzdpucbvpp",
		"tcp_mss_default":	0,
		"target_bitrate":	0,
		"fq_rate":	0,
		"test_start":	{
			"protocol":	"TCP",
			"num_streams":	1,
			"blksize":	131072,
			"omit":	0,
			"duration":	60,
			"bytes":	0,
			"blocks":	0,
			"reverse":	0,
			"tos":	0,
			"target_bitrate":	0,
			"bidir":	0,
			"fqrate":	0
		}
	},
	"intervals":	[{
			"streams":	[{
					"socket":	5,
					"start":	0,
					"end":	10.005984,
					"seconds":	10.005984306335449,
					"bytes":	11918770176,
					"bits_per_second":	9529313507.68035,
					"omitted":	false,
					"sender":	false
				}],
			"sum":	{
				"start":	0,
				"end":	10.005984,
				"seconds":	10.005984306335449,
				"bytes":	11918770176,
				"bits_per_second":	9529313507.68035,
				"omitted":	false,
				"sender":	false
			}
		}, {
			"streams":	[{
					"socket":	5,
					"start":	10.005984,
					"end":	20.01004,
					"seconds":	10.004055976867676,
					"bytes":	11916804096,
					"bits_per_second":	9529578101.96597,
					"omitted":	false,
					"sender":	false
				}],
			"sum":	{
				"start":	10.005984,
				"end":	20.01004,
				"seconds":	10.004055976867676,
				"bytes":	11916804096,
				"bits_per_second":	9529578101.96597,
				"omitted":	false,
				"sender":	false
			}
		}, {
			"streams":	[{
					"socket":	5,
					"start":	20.01004,
					"end":	30.01003,
					"seconds":	9.9999904632568359,
					"bytes":	11911823360,
					"bits_per_second":	9529467776.008667,
					"omitted":	false,
					"sender":	false
				}],
			"sum":	{
				"start":	20.01004,
				"end":	30.01003,
				"seconds":	9.9999904632568359,
				"bytes":	11911823360,
				"bits_per_second":	9529467776.008667,
				"omitted":	false,
				"sender":	false
			}
		}, {
			"streams":	[{
					"socket":	5,
					"start":	30.01003,
					"end":	40.010087,
					"seconds":	10.000057220458984,
					"bytes":	11911954432,
					"bits_per_second":	9529509017.3120136,
					"omitted":	false,
					"sender":	false
				}],
			"sum":	{
				"start":	30.01003,
				"end":	40.010087,
				"seconds":	10.000057220458984,
				"bytes":	11911954432,
				"bits_per_second":	9529509017.3120136,
				"omitted":	false,
				"sender":	false
			}
		}, {
			"streams":	[{
					"socket":	5,
					"start":	40.010087,
					"end":	50.010034,
					"seconds":	9.99994659423828,
					"bytes":	11911954432,
					"bits_per_second":	9529614439.2318,
					"omitted":	false,
					"sender":	false
				}],
			"sum":	{
				"start":	40.010087,
				"end":	50.010034,
				"seconds":	9.99994659423828,
				"bytes":	11911954432,
				"bits_per_second":	9529614439.2318,
				"omitted":	false,
				"sender":	false
			}
		}, {
			"streams":	[{
					"socket":	5,
					"start":	50.010034,
					"end":	60.010024,
					"seconds":	9.9999904632568359,
					"bytes":	11911823360,
					"bits_per_second":	9529467776.008667,
					"omitted":	false,
					"sender":	false
				}],
			"sum":	{
				"start":	50.010034,
				"end":	60.010024,
				"seconds":	9.9999904632568359,
				"bytes":	11911823360,
				"bits_per_second":	9529467776.008667,
				"omitted":	false,
				"sender":	false
			}
		}, {
			"streams":	[{
					"socket":	5,
					"start":	60.010024,
					"end":	60.010816,
					"seconds":	0.000791999977082014,
					"bytes":	786432,
					"bits_per_second":	7943757805.62491,
					"omitted":	false,
					"sender":	false
				}],
			"sum":	{
				"start":	60.010024,
				"end":	60.010816,
				"seconds":	0.000791999977082014,
				"bytes":	786432,
				"bits_per_second":	7943757805.62491,
				"omitted":	false,
				"sender":	false
			}
		}],
	"end":	{
		"streams":	[{
				"sender":	{
					"socket":	5,
					"start":	0,
					"end":	60.010816,
					"seconds":	60.010816,
					"bytes":	0,
					"bits_per_second":	0,
					"sender":	false
				},
				"receiver":	{
					"socket":	5,
					"start":	0,
					"end":	60.010816,
					"seconds":	60.010816,
					"bytes":	71484309504,
					"bits_per_second":	9529523411.7796364,
					"sender":	false
				}
			}],
		"sum_sent":	{
			"start":	0,
			"end":	60.010816,
			"seconds":	60.010816,
			"bytes":	0,
			"bits_per_second":	0,
			"sender":	false
		},
		"sum_received":	{
			"start":	0,
			"end":	60.010816,
			"seconds":	60.010816,
			"bytes":	71484309504,
			"bits_per_second":	9529523411.7796364,
			"sender":	false
		},
		"cpu_utilization_percent":	{
			"host_total":	42.98512428457078,
			"host_user":	2.5864598968706116,
			"host_system":	40.398662721334219,
			"remote_total":	0,
			"remote_user":	0,
			"remote_system":	0
		},
		"receiver_tcp_congestion":	"cubic"
	}
}
