{
	"start":	{
		"connected":	[{
				"socket":	5,
				"local_host":	"10.0.9.149",
				"local_port":	48058,
				"remote_host":	"10.0.9.26",
				"remote_port":	5201
			}],
		"version":	"iperf 3.16",
		"system_info":	"Linux ip-10-0-9-149 6.2.0-1018-aws #18~22.04.1-Ubuntu SMP Wed Jan 10 22:54:16 UTC 2024 x86_64",
		"timestamp":	{
			"time":	"Thu, 22 Feb 2024 09:39:41 UTC",
			"timesecs":	1708594781
		},
		"connecting_to":	{
			"host":	"10.0.9.26",
			"port":	5201
		},
		"cookie":	"ixk3c2om7cxvrclztn3rimoftcur3qpg4g5n",
		"tcp_mss_default":	8949,
		"target_bitrate":	0,
		"fq_rate":	0,
		"sock_bufsize":	0,
		"sndbuf_actual":	16384,
		"rcvbuf_actual":	131072,
		"test_start":	{
			"protocol":	"TCP",
			"num_streams":	1,
			"blksize":	131072,
			"omit":	0,
			"duration":	60,
			"bytes":	0,
			"blocks":	0,
			"reverse":	0,
			"tos":	0,
			"target_bitrate":	0,
			"bidir":	0,
			"fqrate":	0
		}
	},
	"intervals":	[{
			"streams":	[{
					"socket":	5,
					"start":	0,
					"end":	10.010062,
					"seconds":	10.0100622177124,
					"bytes":	10801774592,
					"bits_per_second":	8632733229.47919,
					"retransmits":	0,
					"snd_cwnd":	1038084,
					"snd_wnd":	-1,
					"rtt":	160,
					"rttvar":	108,
					"pmtu":	9001,
					"omitted":	false,
					"sender":	true
				}],
			"sum":	{
				"start":	0,
				"end":	10.010062,
				"seconds":	10.0100622177124,
				"bytes":	10801774592,
				"bits_per_second":	8632733229.47919,
				"retransmits":	0,
				"omitted":	false,
				"sender":	true
			}
		}, {
			"streams":	[{
					"socket":	5,
					"start":	10.010062,
					"end":	20.010038,
					"seconds":	9.99997615814209,
					"bytes":	11060510720,
					"bits_per_second":	8848429672.3002968,
					"retransmits":	0,
					"snd_cwnd":	1038084,
					"snd_wnd":	-1,
					"rtt":	133,
					"rttvar":	83,
					"pmtu":	9001,
					"omitted":	false,
					"sender":	true
				}],
			"sum":	{
				"start":	10.010062,
				"end":	20.010038,
				"seconds":	9.99997615814209,
				"bytes":	11060510720,
				"bits_per_second":	8848429672.3002968,
				"retransmits":	0,
				"omitted":	false,
				"sender":	true
			}
		}, {
			"streams":	[{
					"socket":	5,
					"start":	20.010038,
					"end":	30.010103,
					"seconds":	10.000064849853516,
					"bytes":	10953293824,
					"bits_per_second":	8762578234.00851,
					"retransmits":	0,
					"snd_cwnd":	1038084,
					"snd_wnd":	-1,
					"rtt":	122,
					"rttvar":	96,
					"pmtu":	9001,
					"omitted":	false,
					"sender":	true
				}],
			"sum":	{
				"start":	20.010038,
				"end":	30.010103,
				"seconds":	10.000064849853516,
				"bytes":	10953293824,
				"bits_per_second":	8762578234.00851,
				"retransmits":	0,
				"omitted":	false,
				"sender":	true
			}
		}, {
			"streams":	[{
					"socket":	5,
					"start":	30.010103,
					"end":	40.010039,
					"seconds":	9.9999361038208,
					"bytes":	10616045568,
					"bits_per_second":	8492890720.72674,
					"retransmits":	0,
					"snd_cwnd":	1038084,
					"snd_wnd":	-1,
					"rtt":	144,
					"rttvar":	90,
					"pmtu":	9001,
					"omitted":	false,
					"sender":	true
				}],
			"sum":	{
				"start":	30.010103,
				"end":	40.010039,
				"seconds":	9.9999361038208,
				"bytes":	10616045568,
				"bits_per_second":	8492890720.72674,
				"retransmits":	0,
				"omitted":	false,
				"sender":	true
			}
		}, {
			"streams":	[{
					"socket":	5,
					"start":	40.010039,
					"end":	50.009972,
					"seconds":	9.99993324279785,
					"bytes":	10718937088,
					"bits_per_second":	8575206916.0821562,
					"retransmits":	0,
					"snd_cwnd":	1038084,
					"snd_wnd":	-1,
					"rtt":	148,
					"rttvar":	94,
					"pmtu":	9001,
					"omitted":	false,
					"sender":	true
				}],
			"sum":	{
				"start":	40.010039,
				"end":	50.009972,
				"seconds":	9.99993324279785,
				"bytes":	10718937088,
				"bits_per_second":	8575206916.0821562,
				"retransmits":	0,
				"omitted":	false,
				"sender":	true
			}
		}, {
			"streams":	[{
					"socket":	5,
					"start":	50.009972,
					"end":	60.01049,
					"seconds":	10.000517845153809,
					"bytes":	10423762944,
					"bits_per_second":	8338578545.9510326,
					"retransmits":	0,
					"snd_cwnd":	1038084,
					"snd_wnd":	-1,
					"rtt":	106,
					"rttvar":	72,
					"pmtu":	9001,
					"omitted":	false,
					"sender":	true
				}],
			"sum":	{
				"start":	50.009972,
				"end":	60.01049,
				"seconds":	10.000517845153809,
				"bytes":	10423762944,
				"bits_per_second":	8338578545.9510326,
				"retransmits":	0,
				"omitted":	false,
				"sender":	true
			}
		}],
	"end":	{
		"streams":	[{
				"sender":	{
					"socket":	5,
					"start":	0,
					"end":	60.01049,
					"seconds":	60.01049,
					"bytes":	64574324736,
					"bits_per_second":	8608404928.67164,
					"retransmits":	0,
					"max_snd_cwnd":	1038084,
					"max_snd_wnd":	0,
					"max_rtt":	160,
					"min_rtt":	106,
					"mean_rtt":	135,
					"sender":	true
				},
				"receiver":	{
					"socket":	5,
					"start":	0,
					"end":	60.049809,
					"seconds":	60.01049,
					"bytes":	64567640064,
					"bits_per_second":	8601877826.32248,
					"sender":	true
				}
			}],
		"sum_sent":	{
			"start":	0,
			"end":	60.01049,
			"seconds":	60.01049,
			"bytes":	64574324736,
			"bits_per_second":	8608404928.67164,
			"retransmits":	0,
			"sender":	true
		},
		"sum_received":	{
			"start":	0,
			"end":	60.049809,
			"seconds":	60.049809,
			"bytes":	64567640064,
			"bits_per_second":	8601877826.32248,
			"sender":	true
		},
		"cpu_utilization_percent":	{
			"host_total":	10.025963831135057,
			"host_user":	0.27638272453448831,
			"host_system":	9.74958110660057,
			"remote_total":	32.1932328125802,
			"remote_user":	1.8440237841171288,
			"remote_system":	30.349207363179193
		},
		"sender_tcp_congestion":	"cubic",
		"receiver_tcp_congestion":	"cubic"
	}
}
